/home/home1/institut_3a/tacke/Bachelor_thesis/dt_scint_analysis_tools/scripts/ba_scripts/create_all_pcls.sh,data_mic0_start_2026-07-24_18-06-10_stop_2026-07-24_18-16-11
/home/home1/institut_3a/tacke/Bachelor_thesis/dt_scint_analysis_tools/scripts/ba_scripts/create_all_pcls.sh,data_mic0_start_2026-07-24_22-16-13_stop_2026-07-24_22-26-14
/home/home1/institut_3a/tacke/Bachelor_thesis/dt_scint_analysis_tools/scripts/ba_scripts/create_all_pcls.sh,data_mic0_start_2026-07-25_02-26-16_stop_2026-07-25_02-36-17
/home/home1/institut_3a/tacke/Bachelor_thesis/dt_scint_analysis_tools/scripts/ba_scripts/create_all_pcls.sh,data_mic0_start_2026-07-25_06-36-19_stop_2026-07-25_06-46-20
/home/home1/institut_3a/tacke/Bachelor_thesis/dt_scint_analysis_tools/scripts/ba_scripts/create_all_pcls.sh,data_mic0_start_2026-07-25_10-46-22_stop_2026-07-25_10-56-23
/home/home1/institut_3a/tacke/Bachelor_thesis/dt_scint_analysis_tools/scripts/ba_scripts/create_all_pcls.sh,data_mic0_start_2026-07-25_14-56-25_stop_2026-07-25_15-06-26
/home/home1/institut_3a/tacke/Bachelor_thesis/dt_scint_analysis_tools/scripts/ba_scripts/create_all_pcls.sh,data_mic0_start_2026-07-25_19-06-28_stop_2026-07-25_19-16-29
/home/home1/institut_3a/tacke/Bachelor_thesis/dt_scint_analysis_tools/scripts/ba_scripts/create_all_pcls.sh,data_mic0_start_2026-07-25_23-16-31_stop_2026-07-25_23-26-32
/home/home1/institut_3a/tacke/Bachelor_thesis/dt_scint_analysis_tools/scripts/ba_scripts/create_all_pcls.sh,data_mic0_start_2026-07-26_03-26-34_stop_2026-07-26_03-36-35
/home/home1/institut_3a/tacke/Bachelor_thesis/dt_scint_analysis_tools/scripts/ba_scripts/create_all_pcls.sh,data_mic0_start_2026-07-26_07-36-37_stop_2026-07-26_07-46-38
/home/home1/institut_3a/tacke/Bachelor_thesis/dt_scint_analysis_tools/scripts/ba_scripts/create_all_pcls.sh,data_mic0_start_2026-07-26_11-46-40_stop_2026-07-26_11-56-41
/home/home1/institut_3a/tacke/Bachelor_thesis/dt_scint_analysis_tools/scripts/ba_scripts/create_all_pcls.sh,data_mic0_start_2026-07-26_15-56-43_stop_2026-07-26_16-06-44
/home/home1/institut_3a/tacke/Bachelor_thesis/dt_scint_analysis_tools/scripts/ba_scripts/create_all_pcls.sh,data_mic0_start_2026-07-26_20-06-46_stop_2026-07-26_20-16-47
/home/home1/institut_3a/tacke/Bachelor_thesis/dt_scint_analysis_tools/scripts/ba_scripts/create_all_pcls.sh,data_mic0_start_2026-07-27_00-16-49_stop_2026-07-27_00-26-50
/home/home1/institut_3a/tacke/Bachelor_thesis/dt_scint_analysis_tools/scripts/ba_scripts/create_all_pcls.sh,data_mic0_start_2026-07-27_04-26-52_stop_2026-07-27_04-36-53
/home/home1/institut_3a/tacke/Bachelor_thesis/dt_scint_analysis_tools/scripts/ba_scripts/create_all_pcls.sh,data_mic0_start_2026-07-27_08-36-55_stop_2026-07-27_08-46-56
/home/home1/institut_3a/tacke/Bachelor_thesis/dt_scint_analysis_tools/scripts/ba_scripts/create_all_pcls.sh,data_mic0_start_2026-07-27_12-46-58_stop_2026-07-27_12-56-59
/home/home1/institut_3a/tacke/Bachelor_thesis/dt_scint_analysis_tools/scripts/ba_scripts/create_all_pcls.sh,data_mic0_start_2026-07-27_16-57-02_stop_2026-07-27_17-07-03
/home/home1/institut_3a/tacke/Bachelor_thesis/dt_scint_analysis_tools/scripts/ba_scripts/create_all_pcls.sh,data_mic0_start_2026-07-27_21-07-05_stop_2026-07-27_21-17-06
/home/home1/institut_3a/tacke/Bachelor_thesis/dt_scint_analysis_tools/scripts/ba_scripts/create_all_pcls.sh,data_mic0_start_2026-07-28_01-17-08_stop_2026-07-28_01-27-09
/home/home1/institut_3a/tacke/Bachelor_thesis/dt_scint_analysis_tools/scripts/ba_scripts/create_all_pcls.sh,data_mic0_start_2026-07-28_05-27-11_stop_2026-07-28_05-37-12
/home/home1/institut_3a/tacke/Bachelor_thesis/dt_scint_analysis_tools/scripts/ba_scripts/create_all_pcls.sh,data_mic0_start_2026-07-28_09-37-15_stop_2026-07-28_09-47-16
/home/home1/institut_3a/tacke/Bachelor_thesis/dt_scint_analysis_tools/scripts/ba_scripts/create_all_pcls.sh,data_mic0_start_2026-07-28_13-47-18_stop_2026-07-28_13-57-19
/home/home1/institut_3a/tacke/Bachelor_thesis/dt_scint_analysis_tools/scripts/ba_scripts/create_all_pcls.sh,data_mic0_start_2026-07-28_17-57-21_stop_2026-07-28_18-07-22
/home/home1/institut_3a/tacke/Bachelor_thesis/dt_scint_analysis_tools/scripts/ba_scripts/create_all_pcls.sh,data_mic0_start_2026-07-28_22-07-25_stop_2026-07-28_22-17-26
/home/home1/institut_3a/tacke/Bachelor_thesis/dt_scint_analysis_tools/scripts/ba_scripts/create_all_pcls.sh,data_mic0_start_2026-07-29_02-17-28_stop_2026-07-29_02-27-29
/home/home1/institut_3a/tacke/Bachelor_thesis/dt_scint_analysis_tools/scripts/ba_scripts/create_all_pcls.sh,data_mic0_start_2026-07-29_06-27-31_stop_2026-07-29_06-37-32
/home/home1/institut_3a/tacke/Bachelor_thesis/dt_scint_analysis_tools/scripts/ba_scripts/create_all_pcls.sh,data_mic0_start_2026-07-29_10-37-34_stop_2026-07-29_10-47-35
/home/home1/institut_3a/tacke/Bachelor_thesis/dt_scint_analysis_tools/scripts/ba_scripts/create_all_pcls.sh,data_mic0_start_2026-07-29_14-47-37_stop_2026-07-29_14-57-38
/home/home1/institut_3a/tacke/Bachelor_thesis/dt_scint_analysis_tools/scripts/ba_scripts/create_all_pcls.sh,data_mic0_start_2026-07-29_18-57-40_stop_2026-07-29_19-07-41
/home/home1/institut_3a/tacke/Bachelor_thesis/dt_scint_analysis_tools/scripts/ba_scripts/create_all_pcls.sh,data_mic0_start_2026-07-29_23-07-43_stop_2026-07-29_23-17-44
/home/home1/institut_3a/tacke/Bachelor_thesis/dt_scint_analysis_tools/scripts/ba_scripts/create_all_pcls.sh,data_mic0_start_2026-07-30_07-27-49_stop_2026-07-30_07-37-50
/home/home1/institut_3a/tacke/Bachelor_thesis/dt_scint_analysis_tools/scripts/ba_scripts/create_all_pcls.sh,data_mic0_start_2026-07-30_11-37-52_stop_2026-07-30_11-47-53
/home/home1/institut_3a/tacke/Bachelor_thesis/dt_scint_analysis_tools/scripts/ba_scripts/create_all_pcls.sh,data_mic0_start_2026-07-30_15-47-55_stop_2026-07-30_15-57-56
/home/home1/institut_3a/tacke/Bachelor_thesis/dt_scint_analysis_tools/scripts/ba_scripts/create_all_pcls.sh,data_mic0_start_2026-07-30_19-57-58_stop_2026-07-30_20-07-59
/home/home1/institut_3a/tacke/Bachelor_thesis/dt_scint_analysis_tools/scripts/ba_scripts/create_all_pcls.sh,data_mic0_start_2026-07-31_00-08-02_stop_2026-07-31_00-18-03
/home/home1/institut_3a/tacke/Bachelor_thesis/dt_scint_analysis_tools/scripts/ba_scripts/create_all_pcls.sh,data_mic0_start_2026-07-31_04-18-05_stop_2026-07-31_04-28-06
/home/home1/institut_3a/tacke/Bachelor_thesis/dt_scint_analysis_tools/scripts/ba_scripts/create_all_pcls.sh,data_mic0_start_2026-07-31_08-28-08_stop_2026-07-31_08-38-09